<?xml version="1.0" encoding="UTF-8"?>
<!DOCTYPE hibernate-mapping PUBLIC
"-//Hibernate/Hibernate Mapping DTD 3.0//EN"
"http://hibernate.sourceforge.net/hibernate-mapping-3.0.dtd">

<hibernate-mapping>
<class name="com.bean.Address" table="address">
<id name="addressId" column="addressid">
	<generator class="foreign">
		<param name="property">student</param>
	</generator>
</id>
<property name="city" column="city" length="10"/>
<property name="state" column="state" length="10"/>
<one-to-one name="student" class="com.bean.Student" cascade="all" />

</class>
</hibernate-mapping>