<?xml version="1.0" encoding="UTF-8"?>
<!DOCTYPE hibernate-mapping PUBLIC
"-//Hibernate/Hibernate Mapping DTD 3.0//EN"
"http://hibernate.sourceforge.net/hibernate-mapping-3.0.dtd">
<hibernate-mapping>
<class name="com.entities.Student" table="student">
	<id name="studentId" column="studentid"/>
	<property name="studentName" column="studentname" length="15"/>
	<property name="marks" column="marks"/>
	
	<set name="courses" table="students_courses" cascade="all">
		<key column="studentid"/>
		<many-to-many class="com.bean.Course" column="courseid"/>
	</set>
</class>
</hibernate-mapping>