<?xml version="1.0" encoding="UTF-8"?>
<!DOCTYPE hibernate-mapping PUBLIC 
"-//Hibernate/Hibernate Mapping DTD 3.0//EN"
"http://hibernate.sourceforge.net/hibernate-mapping-3.0.dtd">
<hibernate-mapping>
	<class name="com.bean.EmployeeAddress" table="employeeaddress5" >
		<id name="empId"  column="empid">
			<generator class="foreign">
				<param name="property">employee</param>
			</generator>
		</id>
		<property name="houseNumber" column="housenumber" length="10"/>
		<property name="state" column="state" length="20"/>
		<property name="country" column="country" length="20"/>
		<property name="pinCode" column="pinCode" length="20"/>
		<one-to-one name="employee" class="com.bean.Employee"
		cascade="all"/>
		
		
	</class>
</hibernate-mapping>