<?xml version="1.0" encoding="UTF-8"?>
<!DOCTYPE hibernate-mapping PUBLIC
"-//Hibernate/Hibernate Mapping DTD 3.0//EN"
"http://hibernate.sourceforge.net/hibernate-mapping-3.0.dtd">

<hibernate-mapping>
<class name="com.bean.Vendor" table="vendor">
<id name="vendorId" column="vendorid"/>
<property name="vendorName" column="vendorname" length="15"/>
<set name="children" cascade="all">
	<key column="vendorid"/>
	<one-to-many class="com.bean.Customer"/>
</set>
</class>
</hibernate-mapping>